"contrast_set","contrast","n_proteins","median_A","median_B","delta_median","boot_ci_low","boot_ci_high","ci_excludes_0","ks_D","ks_p_raw","ks_q_BH"
"GFP+ vs GFP- temporal","Day 28 vs 10: GFP+ minus GFP-",3404,0.475215037663825,0.249914964040116,0.225300073623709,0.202154103914859,0.241985420385985,TRUE,0.291421856639246,5.63156349649956e-126,2.25262539859983e-125
"GFP+ vs GFP- temporal","Day 21 vs 10: GFP+ minus GFP-",3404,0.6037311553955,0.301992734273266,0.301738421122233,0.276158416271244,0.32803536653517,TRUE,0.31551116333725,1.36911757500508e-147,1.64294109000609e-146
"GFP+ vs GFP- temporal","Day 28 vs 21: GFP+ minus GFP-",3404,0.351430813471454,0.168501218159983,0.182929595311471,0.166686874628065,0.200723423560453,TRUE,0.314042303172737,3.18785624072288e-146,1.91271374443373e-145
"GFP+ temporal","GFP+: (Day 28 vs 10) minus (Day 21 vs 10)",3404,0.475215037663825,0.6037311553955,-0.128516117731674,-0.157861991723404,-0.10760338703787,TRUE,0.126321974148062,5.13839374034705e-24,6.16607248841646e-24
"GFP+ temporal","GFP+: (Day 28 vs 10) minus (Day 28 vs 21)",3404,0.475215037663825,0.351430813471454,0.123784224192371,0.0949087301890453,0.145090532302856,TRUE,0.136016451233843,8.93443456206098e-28,1.19125794160813e-27
"GFP+ temporal","GFP+: (Day 21 vs 10) minus (Day 28 vs 21)",3404,0.6037311553955,0.351430813471454,0.252300341924045,0.227011607090617,0.280061240990967,TRUE,0.234136310223263,1.81466425138057e-81,4.35519420331336e-81
"GFP- temporal","GFP-: (Day 28 vs 10) minus (Day 21 vs 10)",3404,0.249914964040116,0.301992734273266,-0.0520777702331495,-0.0661065379779127,-0.0406176845232244,TRUE,0.0987074030552297,7.89505132718578e-15,8.61278326602085e-15
"GFP- temporal","GFP-: (Day 28 vs 10) minus (Day 28 vs 21)",3404,0.249914964040116,0.168501218159983,0.081413745880133,0.0692510525386118,0.0944044351577534,TRUE,0.173619271445357,5.47661353069157e-45,9.3884803383284e-45
"GFP- temporal","GFP-: (Day 21 vs 10) minus (Day 28 vs 21)",3404,0.301992734273266,0.168501218159983,0.133491516113283,0.121725336710585,0.148119235038767,TRUE,0.251175088131606,1.08205333965431e-93,3.24616001896294e-93
"GFP+ vs GFP- by day","Within-day |GFP+ vs GFP-|: Day 10 minus Day 21",3404,0.350849151611326,0.512155691782642,-0.161306540171316,-0.185037509600363,-0.136207590500497,TRUE,0.182138660399528,1.81094224932639e-49,3.62188449865279e-49
"GFP+ vs GFP- by day","Within-day |GFP+ vs GFP-|: Day 21 minus Day 28",3404,0.512155691782642,0.345805168151884,0.166350523630758,0.141530744234699,0.183941102027884,TRUE,0.152173913043478,1.16760353297411e-34,1.75140529946116e-34
"GFP+ vs GFP- by day","Within-day |GFP+ vs GFP-|: Day 10 minus Day 28",3404,0.350849151611326,0.345805168151884,0.00504398345944151,-0.0172868927320134,0.0224970936775466,FALSE,0.0378965922444183,0.0150630034204691,0.0150630034204691
